[
    {
            "name": "a",
            "value": "10",
            "description": "nei"
    },
    {
            "name": "c",
            "value": "19",
            "description": ""
    },
    {
            "name": "h",
            "value": "1",
            "description": "valid"
    },
    {
            "name": "w",
            "value": "76",
            "description": "true"
    },
    {
            "name": "k",
            "value": "78",
            "description": "false"
    },
    {
            "name": "m",
            "value": "35",
            "description": "valid"
    },
    {
            "name": "s",
            "value": "8",
            "description": "valid"
    },
    {
            "name": "p",
            "value": "34",
            "description": "false"
    },
    {
            "name": "i",
            "value": "11",
            "description": "true"
    },
    {
            "name": "x",
            "value": "20",
            "description": "valid"
    },
    {
            "name": "z",
            "value": "99",
            "description": "valid"
    },
    {
            "name": "l",
            "value": "24",
            "description": "valid"
    },
    {
            "name": "q",
            "value": "66",
            "description": "valid"
    },
    {
            "name": "b",
            "value": "43",
            "description": "0"
    }
]